,Filename,Heat Number,HN Confidence,Dimension,Dim Confidence,Grade,Grade Confidence
0,IMG_5551.JPG,1912B2948,0.9944796,100×75×7,0.9025072,高强（AH）,0.9231205
1,IMG_5615.JPG,2003A2933,0.99707615,150×90×9,0.98282206,高强（AH）,0.91778296
2,IMG_5852.JPG,1912A2953,0.9961817,150×90×12,0.89674973,高强（AH）,0.8427849
3,IMG_5853.JPG,1912A2953,0.99573064,Cannot detect Dimension. Please check image directly.,,高强（AH）,0.8155439
